{
  "users": {
    "62831104655280@s.whatsapp.net": {
      "afkTime": -1,
      "afkReason": "",
      "limit": 50
    },
    "6285813708397@s.whatsapp.net": {
      "afkTime": -1,
      "afkReason": "",
      "limit": 50
    },
    "6285750892435@s.whatsapp.net": {
      "afkTime": -1,
      "afkReason": "",
      "limit": 50
    },
    "6289682500253@s.whatsapp.net": {
      "afkTime": -1,
      "afkReason": "",
      "limit": 50
    },
    "6287708773367@s.whatsapp.net": {
      "afkTime": -1,
      "afkReason": "",
      "limit": 50
    },
    "6289621572214@s.whatsapp.net": {
      "afkTime": -1,
      "afkReason": "",
      "limit": 50
    },
    "6289512839279@s.whatsapp.net": {
      "afkTime": -1,
      "afkReason": "",
      "limit": 50
    },
    "6285606953470@s.whatsapp.net": {
      "afkTime": -1,
      "afkReason": "",
      "limit": 50
    },
    "6288268035469@s.whatsapp.net": {
      "afkTime": -1,
      "afkReason": "",
      "limit": 50
    },
    "6283844426371@s.whatsapp.net": {
      "afkTime": -1,
      "afkReason": "",
      "limit": 50
    },
    "6285398920343@s.whatsapp.net": {
      "afkTime": -1,
      "afkReason": "",
      "limit": 50
    },
    "6281774869645@s.whatsapp.net": {
      "afkTime": -1,
      "afkReason": "",
      "limit": 50
    },
    "6281991868289@s.whatsapp.net": {
      "afkTime": -1,
      "afkReason": "",
      "limit": 50
    },
    "6281385876152@s.whatsapp.net": {
      "afkTime": -1,
      "afkReason": "",
      "limit": 50
    },
    "6287814101553@s.whatsapp.net": {
      "afkTime": -1,
      "afkReason": "",
      "limit": 50
    },
    "6285781649904@s.whatsapp.net": {
      "afkTime": -1,
      "afkReason": "",
      "limit": 50
    },
    "6282122017327@s.whatsapp.net": {
      "afkTime": -1,
      "afkReason": "",
      "limit": 50
    },
    "62895326919070@s.whatsapp.net": {
      "afkTime": -1,
      "afkReason": "",
      "limit": 50
    },
    "6283138978920@s.whatsapp.net": {
      "afkTime": -1,
      "afkReason": "",
      "limit": 50
    },
    "6281224142433@s.whatsapp.net": {
      "afkTime": -1,
      "afkReason": "",
      "limit": 50
    },
    "6281212529633@s.whatsapp.net": {
      "afkTime": -1,
      "afkReason": "",
      "limit": 50
    },
    "62857272148161@s.whatsapp.net": {
      "afkTime": -1,
      "afkReason": "",
      "limit": 50
    },
    "6285892716697@s.whatsapp.net": {
      "afkTime": -1,
      "afkReason": "",
      "limit": 50
    },
    "6285888803624@s.whatsapp.net": {
      "afkTime": -1,
      "afkReason": "",
      "limit": 50
    },
    "6285856923417@s.whatsapp.net": {
      "afkTime": -1,
      "afkReason": "",
      "limit": 50
    },
    "6281388212495@s.whatsapp.net": {
      "afkTime": -1,
      "afkReason": "",
      "limit": 50
    },
    "6289662160545@s.whatsapp.net": {
      "afkTime": -1,
      "afkReason": "",
      "limit": 50
    },
    "6283182964211@s.whatsapp.net": {
      "afkTime": -1,
      "afkReason": "",
      "limit": 50
    },
    "6281265934911@s.whatsapp.net": {
      "afkTime": -1,
      "afkReason": "",
      "limit": 50
    }
  },
  "group": {},
  "chats": {
    "6285813708397@s.whatsapp.net": {
      "mute": false,
      "antilink": false,
      "antilinkyt": false,
      "antilinktt": false,
      "antivirtex": true,
      "antipushkontakv1": true,
      "antipushkontakv2": true
    },
    "120363162682770389@g.us": {
      "mute": false,
      "antilink": false,
      "antilinkyt": false,
      "antilinktt": false,
      "antivirtex": true,
      "antipushkontakv1": true,
      "antipushkontakv2": true
    },
    "120363029779697861@g.us": {
      "mute": false,
      "antilink": false,
      "antilinkyt": false,
      "antilinktt": false,
      "antivirtex": true,
      "antipushkontakv1": true,
      "antipushkontakv2": true
    },
    "6285750892435@s.whatsapp.net": {
      "mute": false,
      "antilink": false,
      "antilinkyt": false,
      "antilinktt": false,
      "antivirtex": true,
      "antipushkontakv1": true,
      "antipushkontakv2": true
    },
    "6281991868289@s.whatsapp.net": {
      "mute": false,
      "antilink": false,
      "antilinkyt": false,
      "antilinktt": false,
      "antivirtex": true,
      "antipushkontakv1": true,
      "antipushkontakv2": true
    },
    "6281774869645@s.whatsapp.net": {
      "mute": false,
      "antilink": false,
      "antilinkyt": false,
      "antilinktt": false,
      "antivirtex": true,
      "antipushkontakv1": true,
      "antipushkontakv2": true
    },
    "6281385876152@s.whatsapp.net": {
      "mute": false,
      "antilink": false,
      "antilinkyt": false,
      "antilinktt": false,
      "antivirtex": true,
      "antipushkontakv1": true,
      "antipushkontakv2": true
    }
  },
  "database": {},
  "settings": {
    "62831104655280@s.whatsapp.net": {
      "status": 0,
      "autobio": false,
      "autoread": false
    }
  },
  "donate": {},
  "others": {},
  "sticker": {},
  "game": {},
  "anonymous": {}
}